N	Primer	Sequence	Pool
1	A1f-pool1	ACGSGAAAAAATGCGTACAAC	1
2	A1r-pool1	GAAGATTGTGCTATACCAAAATGAACA	1
3	AB3f-pool1	GCYATGGCAAGACTYAGGAATG	1
4	A3r-pool1	GTTTGCYGAGGCTATGAATATGAT	1
5	A5f-pool1	GAACAACAGACTACTAGAGATTACCAG	1
6	A5r-pool1	AGGAGTTTRCTCATRGCAA	1
7	A7f-pool1	AGCTTAGGCTTAAGATGYGGA	1
8	A7r-pool1	TGAGTTTGACCTTCCATGAGT	1
9	A9f-pool1	GGGTTGGTTCATCTACACAAGAG	1
10	A9r-pool1	CGCAATAATAAATTCCCTGCTCC	1
11	B1f-pool1	ACGCGAAAAAATGCGTACTACA	1
12	B1r-pool1	CATTGTTTGCCCTCCTAATTACTG	1
13	B3r-pool1	ATAGGGCCAAAATTTGCTTGTG	1
14	B5f-pool1	AGTGCAATCTTCCTAACTCTTGC	1
15	B5r-pool1	TGATTCCACTTAGTTGGTCTTTGC	1
16	B7f-pool1	GGTGAACTGAAATTAGAAGAACCAAC	1
17	B7r-pool1	CACCATATCTTGTCAAACTCTCAGG	1
18	B9f-pool1	GAACCAACTTACCCTCATGGATT	1
19	B9r-pool1	TTCTGGGGTTGGGTGATATAG	1
20	A2f-pool2	ACAGGCATGACTCTCCTGAT	2
21	A2r-pool2	TTGGGTGTGGATATTTGTTTCAC	2
22	A4f-pool2	ACCTGGGACACTCTCAATCA	2
23	A4r-pool2	GACATGATAGAGTAACTTTGCTGTCT	2
24	A6f-pool2	GTCACGAAGGAATCCTTGCA	2
25	A6r-pool2	CCCTCTACCTCTTTTATTATGTAGAACC	2
26	A8f-pool2	GGTGTACAATCTCTATTTTCCTGGT	2
27	A8r-pool2	CGATTAATAGGGCTAGTATCAAAGTG	2
28	A10f-pool2	CRTCTACAATGATTAGAACCAATTAC	2
29	A10r-pool2	ACGAGAAAAAAAGTGTCAAAAACTAA	2
30	B2f-pool2	CAGRTTAGGAAGGGAAGACACTA	2
31	B2r-pool2	CAAGTCACTCAATTTTTTGGAGGTTGG	2
32	B4f-pool2	TGGAAGCAYACAGCTACACG	2
33	B4r-pool2	CTACATGTYGATTGGTAAAACTCC	2
34	B6f-pool2	CCTCTAGTGTTTCCTTCTGATGAG	2
35	B6r-pool2	GTTGTAGCAATTTGTTCAGACGAG	2
36	B8f-pool2	AAGTTCTCTGAAAGCGACAGATC	2
37	B8r-pool2	TAATACTTGGYGATGTTACTCCTAC	2
38	B10f-pool2	TAGTCAATCAAGACACAAGTTTGC	2
39	B10r-pool2	ACGAGAAAAAAAGTGTCAAAAACTAATG	2
